,id,0,1,2,3,total,percent
0,5,1.0,0.6666666666666666,1.0,0.3333333333333333,3.0,75.0
1,4,1.0,1.0,1.0,0.3333333333333333,3.3333333333333335,83.33333333333334
2,7,1.0,1.0,1.0,0.3333333333333333,3.3333333333333335,83.33333333333334
3,6,0.8,0.6666666666666666,0.0,0.3333333333333333,1.8,45.0
